gene_symbol,DisGeNET,CTD,OpenTarget,Monarch,Sepon,IPA,sources,EvaluationSet
ADM,DisGeNET,CTD,,,Sepon,IPA,"DisGeNET,CTD,,,Sepon,IPA",gold
ADORA2A,DisGeNET,CTD,OpenTarget,,,IPA,"DisGeNET,CTD,OpenTarget,,,IPA",gold
ADORA2B,DisGeNET,CTD,OpenTarget,,,,"DisGeNET,CTD,OpenTarget",gold
ANGPT1,DisGeNET,CTD,,,Sepon,,"DisGeNET,CTD,,,Sepon",gold
CASP3,DisGeNET,CTD,,,,IPA,"DisGeNET,CTD,,,,IPA",gold
CSF3,DisGeNET,CTD,,,Sepon,,"DisGeNET,CTD,,,Sepon",gold
CXCR2,DisGeNET,CTD,,,,,"DisGeNET,CTD",gold
HMGB1,DisGeNET,CTD,,,,IPA,"DisGeNET,CTD,,,,IPA",gold
IFNG,DisGeNET,CTD,,,,IPA,"DisGeNET,CTD,,,,IPA",gold
IL10,DisGeNET,CTD,,,Sepon,IPA,"DisGeNET,CTD,,,Sepon,IPA",gold
IL1B,DisGeNET,CTD,,,Sepon,IPA,"DisGeNET,CTD,,,Sepon,IPA",gold
IL6,DisGeNET,CTD,,,Sepon,,"DisGeNET,CTD,,,Sepon",gold
LBP,DisGeNET,CTD,,,Sepon,,"DisGeNET,CTD,,,Sepon",gold
LTA,DisGeNET,CTD,,,,,"DisGeNET,CTD",gold
MAPK1,DisGeNET,CTD,,,,,"DisGeNET,CTD",gold
MAPK3,DisGeNET,CTD,,,,,"DisGeNET,CTD",gold
MIF,DisGeNET,CTD,,,Sepon,IPA,"DisGeNET,CTD,,,Sepon,IPA",gold
MMP9,DisGeNET,CTD,,,,IPA,"DisGeNET,CTD,,,,IPA",gold
MT1A,DisGeNET,,,,,,DisGeNET,gold
MT2A,DisGeNET,,,,,IPA,"DisGeNET,,,,,IPA",gold
NOS2,DisGeNET,CTD,,,,,"DisGeNET,CTD",gold
NOS3,DisGeNET,CTD,,,,,"DisGeNET,CTD",gold
PROC,DisGeNET,CTD,,,Sepon,,"DisGeNET,CTD,,,Sepon",gold
RPL4,DisGeNET,CTD,,,,,"DisGeNET,CTD",gold
RPL9,DisGeNET,CTD,,,,,"DisGeNET,CTD",gold
TGFB1,DisGeNET,CTD,,,Sepon,,"DisGeNET,CTD,,,Sepon",gold
TGFBI,DisGeNET,CTD,,,,,"DisGeNET,CTD",gold
TLR4,DisGeNET,CTD,OpenTarget,,,IPA,"DisGeNET,CTD,OpenTarget,,,IPA",gold
TNF,DisGeNET,CTD,,,Sepon,IPA,"DisGeNET,CTD,,,Sepon,IPA",gold
TOP2A,DisGeNET,CTD,,,,,"DisGeNET,CTD",gold
TREM1,DisGeNET,,,,Sepon,IPA,"DisGeNET,,,,Sepon,IPA",gold
XIAP,DisGeNET,,,,,,DisGeNET,gold
A2M,,,,,Sepon,,Sepon,Inferred
ABCA12,,,,Monarch,,,Monarch,Inferred
ABCA3,,,,Monarch,,,Monarch,Inferred
ABCB1B,,CTD,,,,,CTD,gold
ABCD1,,,,Monarch,,,Monarch,Inferred
ACLY,,,,,Sepon,,Sepon,Inferred
ACOT9,,,,,,IPA,IPA,Inferred
ACTB,,,,,,IPA,IPA,Inferred
ACTG2,,,,Monarch,,,Monarch,Inferred
ACTR2,,,,,,IPA,IPA,Inferred
ADA,,,,Monarch,,,Monarch,Inferred
ADAM17,,,,,,IPA,IPA,Inferred
ADRA1A,,,OpenTarget,,,,OpenTarget,Inferred
ADRA1B,,,OpenTarget,,,,OpenTarget,Inferred
ADRA1D,,,OpenTarget,,,IPA,"OpenTarget,,,IPA",Inferred
ADRA2A,,,OpenTarget,,,IPA,"OpenTarget,,,IPA",Inferred
ADRA2B,,,OpenTarget,,,,OpenTarget,Inferred
ADRA2C,,,OpenTarget,,,,OpenTarget,Inferred
ADRB1,,,OpenTarget,,,,OpenTarget,Inferred
ADRB2,,,OpenTarget,,,IPA,"OpenTarget,,,IPA",Inferred
ADRB3,,,OpenTarget,,,,OpenTarget,Inferred
AGER,,,,,,IPA,IPA,Inferred
AGTR1,,,OpenTarget,,,,OpenTarget,Inferred
AHR,,,,,,IPA,IPA,Inferred
AIM2,,,,,,IPA,IPA,Inferred
AIRE,,,,Monarch,,,Monarch,Inferred
AK2,,,,Monarch,,,Monarch,Inferred
AKT1,,,,,,IPA,IPA,Inferred
ALDH1A1,,,,,,IPA,IPA,Inferred
ALG1,,,,Monarch,,,Monarch,Inferred
ALG12,,,,Monarch,,,Monarch,Inferred
ALOX12B,,,,Monarch,,,Monarch,Inferred
ALOX5,,CTD,,,,IPA,"CTD,,,,IPA",gold
ALOXE3,,,,Monarch,,,Monarch,Inferred
ALPL,,,,,,IPA,IPA,Inferred
AMY2A,,,,,,IPA,IPA,Inferred
AMY2B,,,,,,IPA,IPA,Inferred
ANGPT2,,,,,Sepon,,Sepon,Inferred
ANKRD22,,,,,,IPA,IPA,Inferred
ANP32A,,,,,,IPA,IPA,Inferred
ANXA1,,,,,,IPA,IPA,Inferred
ANXA3,,,,,,IPA,IPA,Inferred
AP1S3,,,,Monarch,,,Monarch,Inferred
APBA3,,,,,,IPA,IPA,Inferred
APC,,,,Monarch,,,Monarch,Inferred
APLN,,,,,Sepon,,Sepon,Inferred
APOA1,,,,,Sepon,,Sepon,Inferred
APOA5,,,,,Sepon,,Sepon,Inferred
APOB,,,,,Sepon,,Sepon,Inferred
APOM,,,,,Sepon,,Sepon,Inferred
AQP1,,CTD,,,,,CTD,gold
ARFIP1,,,,,,IPA,IPA,Inferred
ARG1,,,,,,IPA,IPA,Inferred
ARHGAP17,,,,,,IPA,IPA,Inferred
ARHGAP26,,,,,,IPA,IPA,Inferred
ARID5A,,,,,,IPA,IPA,Inferred
ARRB2,,,,,,IPA,IPA,Inferred
ASAH1,,,,,,IPA,IPA,Inferred
ASPRV1,,,,Monarch,,,Monarch,Inferred
ATG7,,,,,,IPA,IPA,Inferred
ATIC,,,,,,IPA,IPA,Inferred
ATM,,,,,,IPA,IPA,Inferred
ATP11B,,,,,,IPA,IPA,Inferred
ATP1B1,,,,,,IPA,IPA,Inferred
ATP5F1A,,CTD,,,,,CTD,gold
ATP6V0E2,,,,,,IPA,IPA,Inferred
ATP6V1C1,,,,,,IPA,IPA,Inferred
ATP7A,,,,Monarch,,,Monarch,Inferred
ATP8B4,,,,,,IPA,IPA,Inferred
ATXN1,,,,,,IPA,IPA,Inferred
AVP,,,,,Sepon,IPA,"Sepon,IPA",Inferred
AVPR1A,,,OpenTarget,,,,OpenTarget,Inferred
AVPR1B,,,OpenTarget,,,,OpenTarget,Inferred
AVPR2,,,OpenTarget,,,,OpenTarget,Inferred
AZI2,,,,,,IPA,IPA,Inferred
AZU1,,,,,Sepon,,Sepon,Inferred
B2M,,,,,,IPA,IPA,Inferred
BAIAP2,,,,,,IPA,IPA,Inferred
BAK1,,,,,,IPA,IPA,Inferred
BATF,,,,,,IPA,IPA,Inferred
BAX,,,,,,IPA,IPA,Inferred
BCAT1,,,,,,IPA,IPA,Inferred
BCHE,,,,,Sepon,,Sepon,Inferred
BCL10,,,,,,IPA,IPA,Inferred
BCL2,,,,,,IPA,IPA,Inferred
BCL2L1,,,,,Sepon,IPA,"Sepon,IPA",Inferred
BCL2L10,,,,,Sepon,,Sepon,Inferred
BCL6,,,,,,IPA,IPA,Inferred
BCL9L,,,,,,IPA,IPA,Inferred
BID,,,,,,IPA,IPA,Inferred
BIN1,,,,,,IPA,IPA,Inferred
BIRC3,,,,,,IPA,IPA,Inferred
BLNK,,,,Monarch,,,Monarch,Inferred
BST1,,,,,,IPA,IPA,Inferred
BTK,,,,Monarch,,,Monarch,Inferred
BTLA,,,,,,IPA,IPA,Inferred
C1QB,,,,Monarch,,IPA,"Monarch,,IPA",Inferred
C3AR1,,,,,,IPA,IPA,Inferred
C5,,,OpenTarget,,,,OpenTarget,Inferred
C5AR1,,CTD,,,,,CTD,gold
CALCA,,,,,Sepon,,Sepon,Inferred
CALCRL,,,,,Sepon,,Sepon,Inferred
CAMK4,,,,,,IPA,IPA,Inferred
CAP1,,,,,,IPA,IPA,Inferred
CAPZA1,,,,,,IPA,IPA,Inferred
CASK,,,,,,IPA,IPA,Inferred
CASP1,,,,,,IPA,IPA,Inferred
CASP5,,,,,,IPA,IPA,Inferred
CASP7,,,,,,IPA,IPA,Inferred
CASP8,,,,,,IPA,IPA,Inferred
CASP9,,,,,,IPA,IPA,Inferred
CAV1,,,,,,IPA,IPA,Inferred
CCL2,,,,,Sepon,,Sepon,Inferred
CCL3,,,,,Sepon,,Sepon,Inferred
CCL4,,,,,Sepon,,Sepon,Inferred
CCL5,,,,,,IPA,IPA,Inferred
CCNA1,,,,,,IPA,IPA,Inferred
CCR5,,,,,,IPA,IPA,Inferred
CCR7,,,,,,IPA,IPA,Inferred
CD14,,,,,Sepon,IPA,"Sepon,IPA",Inferred
CD163,,,,,Sepon,IPA,"Sepon,IPA",Inferred
CD177,,,,,Sepon,IPA,"Sepon,IPA",Inferred
CD2,,,,,,IPA,IPA,Inferred
CD247,,,,,,IPA,IPA,Inferred
CD27,,,,Monarch,,,Monarch,Inferred
CD274,,,,,Sepon,,Sepon,Inferred
CD3D,,,,,,IPA,IPA,Inferred
CD3E,,,,,,IPA,IPA,Inferred
CD3G,,,,,,IPA,IPA,Inferred
CD40LG,,,,Monarch,Sepon,,"Monarch,Sepon",Inferred
CD44,,,,,,IPA,IPA,Inferred
CD48,,,,,,IPA,IPA,Inferred
CD5,,,,,,IPA,IPA,Inferred
CD55,,,,,,IPA,IPA,Inferred
CD58,,,,,,IPA,IPA,Inferred
CD59,,,,,,IPA,IPA,Inferred
CD74,,,,,,IPA,IPA,Inferred
CD79A,,,,Monarch,Sepon,,"Monarch,Sepon",Inferred
CD79B,,,,Monarch,,,Monarch,Inferred
CD80,,,,,Sepon,,Sepon,Inferred
CD81,,,,,,IPA,IPA,Inferred
CD86,,,,,Sepon,,Sepon,Inferred
CD8A,,,,,,IPA,IPA,Inferred
CDC42EP3,,,,,,IPA,IPA,Inferred
CDH5,,,,,Sepon,,Sepon,Inferred
CDK5RAP2,,,,,,IPA,IPA,Inferred
CDKN3,,,,,,IPA,IPA,Inferred
CEACAM1,,,,,,IPA,IPA,Inferred
CEACAM6,,,,,,IPA,IPA,Inferred
CEACAM8,,,,,,IPA,IPA,Inferred
CEBPB,,,,,,IPA,IPA,Inferred
CEP55,,,,,,IPA,IPA,Inferred
CFL1,,,,,,IPA,IPA,Inferred
CHD7,,,,Monarch,,,Monarch,Inferred
CHGA,,,,,Sepon,,Sepon,Inferred
CHI3L1,,,,,Sepon,,Sepon,Inferred
CHUK,,,,,,IPA,IPA,Inferred
CIITA,,,,,,IPA,IPA,Inferred
CISH,,CTD,,,,,CTD,gold
CKAP4,,,,,,IPA,IPA,Inferred
CKS2,,,,,,IPA,IPA,Inferred
CLEC4D,,,,,,IPA,IPA,Inferred
CLEC4E,,,,,,IPA,IPA,Inferred
CLEC5A,,,,,Sepon,IPA,"Sepon,IPA",Inferred
CLIC4,,,,,,IPA,IPA,Inferred
CLTC,,,,,,IPA,IPA,Inferred
COG4,,,,Monarch,,,Monarch,Inferred
COLQ,,,,,,IPA,IPA,Inferred
COP1,,,,,,IPA,IPA,Inferred
COPB1,,,,,,IPA,IPA,Inferred
COX7A2,,,,,,IPA,IPA,Inferred
COX8A,,,,Monarch,,,Monarch,Inferred
CP,,,,,Sepon,,Sepon,Inferred
CPA5,,,,,,IPA,IPA,Inferred
CPS1,,CTD,,,,,CTD,gold
CR1,,,,,Sepon,,Sepon,Inferred
CRLF2,,,,,Sepon,,Sepon,Inferred
CRP,,,,,Sepon,,Sepon,Inferred
CSF1R,,,,,,IPA,IPA,Inferred
CSF2RA,,,OpenTarget,,,,OpenTarget,Inferred
CSF2RB,,,,,,IPA,IPA,Inferred
CSF3R,,,,,,IPA,IPA,Inferred
CSTB,,,,,,IPA,IPA,Inferred
CTCF,,,,Monarch,,,Monarch,Inferred
CTLA4,,,,Monarch,,,Monarch,Inferred
CTNNB1,,,,Monarch,,IPA,"Monarch,,IPA",Inferred
CTSD,,,,,,IPA,IPA,Inferred
CTSG,,,,,,IPA,IPA,Inferred
CTSO,,,,,,IPA,IPA,Inferred
CX3CR1,,,,,,IPA,IPA,Inferred
CXCL10,,,,,Sepon,,Sepon,Inferred
CXCL12,,,,,Sepon,,Sepon,Inferred
CXCL16,,,,,Sepon,,Sepon,Inferred
CXCL5,,,,,,IPA,IPA,Inferred
CXCR4,,,,Monarch,,,Monarch,Inferred
CYBA,,,,Monarch,,,Monarch,Inferred
CYBB,,,,Monarch,,IPA,"Monarch,,IPA",Inferred
CYBC1,,,,Monarch,,,Monarch,Inferred
CYP2A6,,,,,Sepon,,Sepon,Inferred
CYP4F22,,,,Monarch,,,Monarch,Inferred
CYP51A1,,,,,,IPA,IPA,Inferred
CYSLTR1,,,OpenTarget,,,,OpenTarget,Inferred
DCLRE1C,,,,Monarch,,,Monarch,Inferred
DEF6,,,,Monarch,,,Monarch,Inferred
DEFA4,,,,,,IPA,IPA,Inferred
DEPDC5,,,,Monarch,,,Monarch,Inferred
DHCR7,,,,,,IPA,IPA,Inferred
DHRS3,,,,,,IPA,IPA,Inferred
DHRS9,,,,,,IPA,IPA,Inferred
DLL1,,,,,Sepon,,Sepon,Inferred
DNAJB11,,,,,,IPA,IPA,Inferred
DNAJC21,,,,Monarch,,,Monarch,Inferred
DNMT1,,,,,,IPA,IPA,Inferred
DOCK8,,,,Monarch,,,Monarch,Inferred
DPEP1,,,OpenTarget,,,,OpenTarget,Inferred
DPP4,,,,,,IPA,IPA,Inferred
DRD2,,,OpenTarget,,,,OpenTarget,Inferred
DSC2,,,,,,IPA,IPA,Inferred
DUSP11,,,,,,IPA,IPA,Inferred
DUSP3,,,,,,IPA,IPA,Inferred
ECE1,,,,Monarch,,,Monarch,Inferred
ECT2,,,,,,IPA,IPA,Inferred
EDN3,,,,Monarch,,,Monarch,Inferred
EDNRB,,,,Monarch,,,Monarch,Inferred
EEF2,,,,,,IPA,IPA,Inferred
EFL1,,,,Monarch,,,Monarch,Inferred
EGLN1,,,,,,IPA,IPA,Inferred
EIF4G3,,,,,,IPA,IPA,Inferred
ELANE,,,OpenTarget,Monarch,,,"OpenTarget,Monarch",Inferred
ENO2,,,,,Sepon,,Sepon,Inferred
ENTPD1,,,,,,IPA,IPA,Inferred
EPOR,,,,,,IPA,IPA,Inferred
EPS15,,,,,,IPA,IPA,Inferred
ERBB2,,,,Monarch,,,Monarch,Inferred
ERBB3,,,,Monarch,,,Monarch,Inferred
ERLIN2,,,,,,IPA,IPA,Inferred
ESM1,,,,,Sepon,,Sepon,Inferred
ETS1,,,,,,IPA,IPA,Inferred
ETS2,,,,,,IPA,IPA,Inferred
EXOSC4,,,,,,IPA,IPA,Inferred
EXTL3,,,,Monarch,,,Monarch,Inferred
F2RL1,,,,,,IPA,IPA,Inferred
F3,,,,,Sepon,,Sepon,Inferred
F5,,,OpenTarget,,,IPA,"OpenTarget,,,IPA",Inferred
F8,,,OpenTarget,,Sepon,,"OpenTarget,,Sepon",Inferred
FA2H,,,,,Sepon,,Sepon,Inferred
FAAH,,,OpenTarget,,,,OpenTarget,Inferred
FABP2,,,,,Sepon,,Sepon,Inferred
FABP3,,,,,Sepon,,Sepon,Inferred
FAS,,,,,,IPA,IPA,Inferred
FASLG,,,,,,IPA,IPA,Inferred
FBL,,,,,,IPA,IPA,Inferred
FCAR,,,,,,IPA,IPA,Inferred
FCER1G,,,,,,IPA,IPA,Inferred
FCGR1A,,,,,Sepon,IPA,"Sepon,IPA",Inferred
FCGR2A,,,,,,IPA,IPA,Inferred
FCGR2B,,,,,,IPA,IPA,Inferred
FCGR2C,,,,,Sepon,,Sepon,Inferred
FCGR3A,,,,,,IPA,IPA,Inferred
FCGR3B,,,,Monarch,,IPA,"Monarch,,IPA",Inferred
FCN1,,,,,Sepon,,Sepon,Inferred
FERMT3,,,,Monarch,,,Monarch,Inferred
FGFBP2,,,,,,IPA,IPA,Inferred
FGL2,,,,,Sepon,,Sepon,Inferred
FKBP5,,,,,,IPA,IPA,Inferred
FLVCR1,,,,,Sepon,,Sepon,Inferred
FN1,,,,,Sepon,,Sepon,Inferred
FOCAD,,,,Monarch,,,Monarch,Inferred
FOLR3,,,,,,IPA,IPA,Inferred
FOXN1,,,,Monarch,,,Monarch,Inferred
FOXO3,,,,,,IPA,IPA,Inferred
FOXP3,,,,Monarch,,,Monarch,Inferred
FRMD4B,,,,,,IPA,IPA,Inferred
FTMT,,,,,Sepon,,Sepon,Inferred
FYN,,,,,,IPA,IPA,Inferred
G6PC3,,,,Monarch,,,Monarch,Inferred
GABRA1,,,OpenTarget,,,,OpenTarget,Inferred
GABRA2,,,OpenTarget,,,,OpenTarget,Inferred
GABRA3,,,OpenTarget,,,,OpenTarget,Inferred
GABRA4,,,OpenTarget,,,,OpenTarget,Inferred
GABRA5,,,OpenTarget,,,,OpenTarget,Inferred
GABRA6,,,OpenTarget,,,,OpenTarget,Inferred
GABRB1,,,OpenTarget,,,,OpenTarget,Inferred
GABRB2,,,OpenTarget,,,,OpenTarget,Inferred
GABRB3,,,OpenTarget,,,,OpenTarget,Inferred
GABRD,,,OpenTarget,,,,OpenTarget,Inferred
GABRE,,,OpenTarget,,,,OpenTarget,Inferred
GABRG1,,,OpenTarget,,,,OpenTarget,Inferred
GABRG2,,,OpenTarget,,,,OpenTarget,Inferred
GABRG3,,,OpenTarget,,,,OpenTarget,Inferred
GABRP,,,OpenTarget,,,,OpenTarget,Inferred
GABRQ,,,OpenTarget,,,,OpenTarget,Inferred
GADD45A,,,,,,IPA,IPA,Inferred
GADD45B,,,,,,IPA,IPA,Inferred
GALM,,,,Monarch,,,Monarch,Inferred
GALT,,,,Monarch,,,Monarch,Inferred
GAS6,,,,,Sepon,,Sepon,Inferred
GATA3,,,,,,IPA,IPA,Inferred
GBP1,,,,,,IPA,IPA,Inferred
GBP2,,,,,,IPA,IPA,Inferred
GBP4,,,,,,IPA,IPA,Inferred
GC,,CTD,,,Sepon,,"CTD,,,Sepon",gold
GCLM,,,,,,IPA,IPA,Inferred
GDF15,,,,,Sepon,,Sepon,Inferred
GDNF,,,,Monarch,,,Monarch,Inferred
GGH,,,,,,IPA,IPA,Inferred
GJB2,,,,Monarch,,,Monarch,Inferred
GJB6,,,,Monarch,,,Monarch,Inferred
GLRX,,,,,,IPA,IPA,Inferred
GLRX5,,,,,,IPA,IPA,Inferred
GMNN,,,,,,IPA,IPA,Inferred
GNLY,,,,,,IPA,IPA,Inferred
GPD2,,,OpenTarget,,,,OpenTarget,Inferred
GPR33,,,,,Sepon,,Sepon,Inferred
GPR84,,,,,,IPA,IPA,Inferred
GRB10,,,,,,IPA,IPA,Inferred
GRB2,,,,,,IPA,IPA,Inferred
GRHPR,,,,,,IPA,IPA,Inferred
GRIN1,,,OpenTarget,,,,OpenTarget,Inferred
GRIN2A,,,OpenTarget,,,,OpenTarget,Inferred
GRIN2B,,,OpenTarget,,,,OpenTarget,Inferred
GRIN2C,,,OpenTarget,,,,OpenTarget,Inferred
GRIN2D,,,OpenTarget,,,,OpenTarget,Inferred
GRIN3A,,,OpenTarget,,,,OpenTarget,Inferred
GRIN3B,,,OpenTarget,,,,OpenTarget,Inferred
GRN,,,,,Sepon,,Sepon,Inferred
GSK3B,,,,,,IPA,IPA,Inferred
GSN,,,,,Sepon,,Sepon,Inferred
GSR,,,,,Sepon,IPA,"Sepon,IPA",Inferred
GSTO1,,,,,,IPA,IPA,Inferred
GUCY1B1,,,OpenTarget,,,,OpenTarget,Inferred
GUCY1B2,,,OpenTarget,,,,OpenTarget,Inferred
GYG1,,,,,,IPA,IPA,Inferred
GYPB,,,,,Sepon,,Sepon,Inferred
GZMA,,,,,,IPA,IPA,Inferred
GZMB,,,,,,IPA,IPA,Inferred
HAMP,,,,,Sepon,,Sepon,Inferred
HAT1,,,,,,IPA,IPA,Inferred
HCK,,,,,,IPA,IPA,Inferred
HGF,,,,,Sepon,IPA,"Sepon,IPA",Inferred
HIF1A,,,,,,IPA,IPA,Inferred
HK3,,,,,,IPA,IPA,Inferred
HLA-A,,,,,Sepon,,Sepon,Inferred
HLA-B,,,,Monarch,,,Monarch,Inferred
HLA-DMA,,,,,,IPA,IPA,Inferred
HLA-DMB,,,,,,IPA,IPA,Inferred
HLA-DPA1,,,,,,IPA,IPA,Inferred
HLA-DPB1,,,,,,IPA,IPA,Inferred
HLA-DQB1,,,,,,IPA,IPA,Inferred
HLA-DRA,,CTD,,,,IPA,"CTD,,,,IPA",gold
HMGB2,,,,,,IPA,IPA,Inferred
HMGCR,,,OpenTarget,,,IPA,"OpenTarget,,,IPA",Inferred
HMMR,,,,,,IPA,IPA,Inferred
HMOX1,,,,Monarch,Sepon,,"Monarch,Sepon",Inferred
HP,,,,,Sepon,,Sepon,Inferred
HPSE,,,,,,IPA,IPA,Inferred
HSP90AB1,,,,,,IPA,IPA,Inferred
HSP90B1,,,,,,IPA,IPA,Inferred
HSPA5,,,,,,IPA,IPA,Inferred
HSPA9,,CTD,,,,,CTD,gold
HSPD1,,CTD,,,,,CTD,gold
HTR3A,,,OpenTarget,,,,OpenTarget,Inferred
HTR4,,,OpenTarget,,,,OpenTarget,Inferred
HVCN1,,,,,,IPA,IPA,Inferred
HYOU1,,,,Monarch,,,Monarch,Inferred
ICAM1,,,,,Sepon,,Sepon,Inferred
IDH1,,,,Monarch,,,Monarch,Inferred
IFI27,,,,,,IPA,IPA,Inferred
IFIH1,,,,,,IPA,IPA,Inferred
IFIT1,,,,,,IPA,IPA,Inferred
IFIT2,,,,,Sepon,IPA,"Sepon,IPA",Inferred
IFIT3,,,,,,IPA,IPA,Inferred
IFIT5,,,,,,IPA,IPA,Inferred
IFITM1,,,,,,IPA,IPA,Inferred
IFITM3,,,,,,IPA,IPA,Inferred
IFNA2,,CTD,,,,,CTD,gold
IFNAR2,,,,,,IPA,IPA,Inferred
IFNGR1,,,,,,IPA,IPA,Inferred
IFNL2,,,,,Sepon,,Sepon,Inferred
IFNL3,,,,,Sepon,,Sepon,Inferred
IGFBP7,,,,,,IPA,IPA,Inferred
IGHG2,,,,Monarch,,,Monarch,Inferred
IGHM,,,,Monarch,,,Monarch,Inferred
IGKC,,,,Monarch,,,Monarch,Inferred
IGLL1,,,,Monarch,,,Monarch,Inferred
IKZF1,,,,Monarch,,,Monarch,Inferred
IKZF3,,,,,,IPA,IPA,Inferred
IL12A,,,,,Sepon,,Sepon,Inferred
IL12B,,,,,Sepon,,Sepon,Inferred
IL15,,,,,Sepon,IPA,"Sepon,IPA",Inferred
IL17D,,,,,Sepon,,Sepon,Inferred
IL18,,,,,Sepon,IPA,"Sepon,IPA",Inferred
IL18RAP,,,,,,IPA,IPA,Inferred
IL1R1,,,OpenTarget,,,,OpenTarget,Inferred
IL1RN,,,,,Sepon,,Sepon,Inferred
IL23A,,,,,Sepon,,Sepon,Inferred
IL27,,,,,Sepon,,Sepon,Inferred
IL2RB,,,,,,IPA,IPA,Inferred
IL2RG,,,,Monarch,,,Monarch,Inferred
IL36RN,,,,Monarch,,,Monarch,Inferred
IL6R,,,OpenTarget,,,IPA,"OpenTarget,,,IPA",Inferred
IL6ST,,,,,,IPA,IPA,Inferred
IL7R,,,,Monarch,,IPA,"Monarch,,IPA",Inferred
IL9,,,,,Sepon,,Sepon,Inferred
IMPDH1,,,,,,IPA,IPA,Inferred
INSL3,,,,,,IPA,IPA,Inferred
INSR,,,OpenTarget,,,,OpenTarget,Inferred
IRAK1,,,,,,IPA,IPA,Inferred
IRAK2,,,,,,IPA,IPA,Inferred
IRAK3,,,,,,IPA,IPA,Inferred
IRAK4,,,,,,IPA,IPA,Inferred
IRF7,,,,,,IPA,IPA,Inferred
ISG15,,,,,,IPA,IPA,Inferred
ITGA4,,,,,,IPA,IPA,Inferred
ITGAL,,,,,,IPA,IPA,Inferred
ITGAM,,,,,Sepon,IPA,"Sepon,IPA",Inferred
ITGAX,,,,,Sepon,,Sepon,Inferred
ITGB2,,,,,,IPA,IPA,Inferred
ITGB7,,,,,,IPA,IPA,Inferred
ITK,,,,,,IPA,IPA,Inferred
ITLN1,,,,,Sepon,,Sepon,Inferred
JAK1,,,OpenTarget,,,,OpenTarget,Inferred
JAK2,,,OpenTarget,,,IPA,"OpenTarget,,,IPA",Inferred
KBTBD7,,,,,,IPA,IPA,Inferred
KCNQ1OT1,,,,,Sepon,,Sepon,Inferred
KHDRBS1,,,,,,IPA,IPA,Inferred
KIF11,,,,,,IPA,IPA,Inferred
KIF1B,,,,,,IPA,IPA,Inferred
KLF1,,,,,Sepon,,Sepon,Inferred
KLF3,,,,,,IPA,IPA,Inferred
KLHL2,,,,,,IPA,IPA,Inferred
KLRD1,,,,,,IPA,IPA,Inferred
KLRF1,,,,,,IPA,IPA,Inferred
KLRG1,,,,,,IPA,IPA,Inferred
KLRK1,,,,,Sepon,,Sepon,Inferred
KRT14,,,,Monarch,,,Monarch,Inferred
KRT5,,,,Monarch,,,Monarch,Inferred
LAMA3,,,,Monarch,,,Monarch,Inferred
LAMB3,,,,Monarch,,,Monarch,Inferred
LAMC2,,,,Monarch,,,Monarch,Inferred
LAMP2,,,,,,IPA,IPA,Inferred
LAT,,,,,,IPA,IPA,Inferred
LCK,,,,,,IPA,IPA,Inferred
LCN2,,,,,Sepon,,Sepon,Inferred
LDHA,,,,,,IPA,IPA,Inferred
LDHB,,,,,,IPA,IPA,Inferred
LDLR,,,,,,IPA,IPA,Inferred
LDLRAP1,,,,,,IPA,IPA,Inferred
LEF1,,,,,,IPA,IPA,Inferred
LEP,,,,,Sepon,,Sepon,Inferred
LGALS1,,,,,,IPA,IPA,Inferred
LGALS3,,,,,Sepon,,Sepon,Inferred
LIG4,,,,Monarch,,,Monarch,Inferred
LILRA5,,,,,Sepon,,Sepon,Inferred
LIPN,,,,Monarch,,,Monarch,Inferred
LMO4,,,,,,IPA,IPA,Inferred
LMOD1,,,,Monarch,,,Monarch,Inferred
LOC109286556,,,,,Sepon,,Sepon,Inferred
LRBA,,,,Monarch,,,Monarch,Inferred
LRG1,,,,,Sepon,IPA,"Sepon,IPA",Inferred
LRRC8A,,,,Monarch,,,Monarch,Inferred
LRRK2,,,,,,IPA,IPA,Inferred
LRRN3,,,,,,IPA,IPA,Inferred
LTB4R,,,,,,IPA,IPA,Inferred
LTC4S,,,,,Sepon,,Sepon,Inferred
LTF,,,,,,IPA,IPA,Inferred
LY96,,,OpenTarget,,,,OpenTarget,Inferred
MALAT1,,,,,Sepon,,Sepon,Inferred
MAN1A1,,,,,,IPA,IPA,Inferred
MAN1C1,,,,,,IPA,IPA,Inferred
MAP2K7,,,,,,IPA,IPA,Inferred
MAP3K5,,,,,,IPA,IPA,Inferred
MAP3K8,,,,,,IPA,IPA,Inferred
MAP4K1,,,,,,IPA,IPA,Inferred
MAPK13,,,,,,IPA,IPA,Inferred
MAPK14,,,,,,IPA,IPA,Inferred
MAPKAPK2,,,,,,IPA,IPA,Inferred
MARCKS,,,,,,IPA,IPA,Inferred
MCEMP1,,,,,Sepon,,Sepon,Inferred
MDK,,,,,Sepon,,Sepon,Inferred
MEF2A,,,,,,IPA,IPA,Inferred
MEG3,,,,,Sepon,,Sepon,Inferred
MFGE8,,,,,Sepon,,Sepon,Inferred
MGAM,,,,,,IPA,IPA,Inferred
MGLL,,,,,,IPA,IPA,Inferred
MGST1,,,,,,IPA,IPA,Inferred
MICA,,,,,Sepon,,Sepon,Inferred
MIR1184-1,,,,,Sepon,,Sepon,Inferred
MIR122,,,,,Sepon,,Sepon,Inferred
MIR129-1,,,,,Sepon,,Sepon,Inferred
MIR133A1,,,,,Sepon,,Sepon,Inferred
MIR133A2,,,,,Sepon,,Sepon,Inferred
MIR141,,,,,Sepon,,Sepon,Inferred
MIR143,,,,,Sepon,,Sepon,Inferred
MIR146A,,,,,Sepon,,Sepon,Inferred
MIR146B,,,,,Sepon,,Sepon,Inferred
MIR147B,,,,,Sepon,,Sepon,Inferred
MIR150,,,,,Sepon,,Sepon,Inferred
MIR15A,,,,,Sepon,,Sepon,Inferred
MIR15B,,,,,Sepon,,Sepon,Inferred
MIR16-1,,,,,Sepon,,Sepon,Inferred
MIR16-2,,,,,Sepon,,Sepon,Inferred
MIR181A1,,,,,Sepon,,Sepon,Inferred
MIR181A2,,,,,Sepon,,Sepon,Inferred
MIR193B,,,,,Sepon,,Sepon,Inferred
MIR199A1,,,,,Sepon,,Sepon,Inferred
MIR199A2,,,,,Sepon,,Sepon,Inferred
MIR21,,,,,Sepon,,Sepon,Inferred
MIR223,,,,,Sepon,,Sepon,Inferred
MIR27A,,,,,Sepon,,Sepon,Inferred
MIR328,,,,,Sepon,,Sepon,Inferred
MIR34A,,,,,Sepon,,Sepon,Inferred
MIR378A,,,,,Sepon,,Sepon,Inferred
MIR451A,,,,,Sepon,,Sepon,Inferred
MIR455,,,,,Sepon,,Sepon,Inferred
MIR483,,CTD,,,Sepon,,"CTD,,,Sepon",gold
MIR495,,,,,Sepon,,Sepon,Inferred
MIR574,,,,,Sepon,,Sepon,Inferred
MIR873,,,,,Sepon,,Sepon,Inferred
MKNK1,,,,,,IPA,IPA,Inferred
MMUT,,,,Monarch,,,Monarch,Inferred
MNX1,,,,Monarch,,,Monarch,Inferred
MPO,,,,,Sepon,,Sepon,Inferred
MRC1,,,,,Sepon,,Sepon,Inferred
MRTFA,,,,Monarch,,,Monarch,Inferred
MS4A1,,,,,,IPA,IPA,Inferred
MS4A3,,,,,,IPA,IPA,Inferred
MT-ND1,,,OpenTarget,,,,OpenTarget,Inferred
MT-ND2,,,OpenTarget,,,,OpenTarget,Inferred
MT-ND3,,,OpenTarget,,,,OpenTarget,Inferred
MT-ND4,,,OpenTarget,,,,OpenTarget,Inferred
MT-ND4L,,,OpenTarget,,,,OpenTarget,Inferred
MT-ND5,,,OpenTarget,,,,OpenTarget,Inferred
MT-ND6,,,OpenTarget,,,,OpenTarget,Inferred
MT1,,CTD,,,,,CTD,gold
MT2,,CTD,,,,,CTD,gold
MTHFD2,,,,,,IPA,IPA,Inferred
MTNR1A,,,OpenTarget,,,,OpenTarget,Inferred
MTNR1B,,,OpenTarget,,,,OpenTarget,Inferred
MUC1,,,,,,IPA,IPA,Inferred
MX1,,,,,,IPA,IPA,Inferred
MYC,,,,,,IPA,IPA,Inferred
MYD88,,,,Monarch,,IPA,"Monarch,,IPA",Inferred
MYH11,,,,Monarch,,,Monarch,Inferred
MYLK,,,,Monarch,,,Monarch,Inferred
NAIP,,,,,,IPA,IPA,Inferred
NAMPT,,,,,Sepon,IPA,"Sepon,IPA",Inferred
NBN,,,,,,IPA,IPA,Inferred
NCF1,,,,Monarch,,,Monarch,Inferred
NCF2,,,,Monarch,,,Monarch,Inferred
NCF4,,,,Monarch,,,Monarch,Inferred
NCOA2,,,,,Sepon,,Sepon,Inferred
NDUFA1,,,OpenTarget,,,IPA,"OpenTarget,,,IPA",Inferred
NDUFA10,,,OpenTarget,,,,OpenTarget,Inferred
NDUFA11,,,OpenTarget,,,,OpenTarget,Inferred
NDUFA12,,,OpenTarget,,,,OpenTarget,Inferred
NDUFA13,,,OpenTarget,,,,OpenTarget,Inferred
NDUFA2,,,OpenTarget,,,,OpenTarget,Inferred
NDUFA3,,,OpenTarget,,,,OpenTarget,Inferred
NDUFA4,,,OpenTarget,,,IPA,"OpenTarget,,,IPA",Inferred
NDUFA4L2,,,OpenTarget,,,,OpenTarget,Inferred
NDUFA5,,,OpenTarget,,,,OpenTarget,Inferred
NDUFA6,,,OpenTarget,,,,OpenTarget,Inferred
NDUFA7,,,OpenTarget,,,,OpenTarget,Inferred
NDUFA8,,,OpenTarget,,,,OpenTarget,Inferred
NDUFA9,,,OpenTarget,,,,OpenTarget,Inferred
NDUFAB1,,,OpenTarget,,,,OpenTarget,Inferred
NDUFAF1,,,OpenTarget,,,IPA,"OpenTarget,,,IPA",Inferred
NDUFAF2,,,OpenTarget,,,,OpenTarget,Inferred
NDUFAF3,,,OpenTarget,,,,OpenTarget,Inferred
NDUFAF4,,,OpenTarget,,,,OpenTarget,Inferred
NDUFB1,,,OpenTarget,,,,OpenTarget,Inferred
NDUFB10,,,OpenTarget,,,,OpenTarget,Inferred
NDUFB11,,,OpenTarget,,,,OpenTarget,Inferred
NDUFB2,,,OpenTarget,,,,OpenTarget,Inferred
NDUFB3,,,OpenTarget,,,IPA,"OpenTarget,,,IPA",Inferred
NDUFB4,,,OpenTarget,,,,OpenTarget,Inferred
NDUFB5,,,OpenTarget,,,,OpenTarget,Inferred
NDUFB6,,,OpenTarget,,,,OpenTarget,Inferred
NDUFB7,,,OpenTarget,,,,OpenTarget,Inferred
NDUFB8,,,OpenTarget,,,,OpenTarget,Inferred
NDUFB9,,,OpenTarget,,,,OpenTarget,Inferred
NDUFC1,,,OpenTarget,,,,OpenTarget,Inferred
NDUFC2,,,OpenTarget,,,,OpenTarget,Inferred
NDUFS1,,,OpenTarget,,,,OpenTarget,Inferred
NDUFS2,,,OpenTarget,,,,OpenTarget,Inferred
NDUFS3,,,OpenTarget,,,,OpenTarget,Inferred
NDUFS4,,,OpenTarget,,,,OpenTarget,Inferred
NDUFS5,,,OpenTarget,,,,OpenTarget,Inferred
NDUFS6,,,OpenTarget,,,,OpenTarget,Inferred
NDUFS7,,,OpenTarget,,,,OpenTarget,Inferred
NDUFS8,,,OpenTarget,,,,OpenTarget,Inferred
NDUFV1,,,OpenTarget,,,,OpenTarget,Inferred
NDUFV2,,,OpenTarget,,,,OpenTarget,Inferred
NDUFV3,,,OpenTarget,,,,OpenTarget,Inferred
NEDD4,,,,,,IPA,IPA,Inferred
NELL2,,,,,,IPA,IPA,Inferred
NFKB2,,,,Monarch,,,Monarch,Inferred
NFKBIA,,,,,,IPA,IPA,Inferred
NFKBIB,,,,,,IPA,IPA,Inferred
NFKBID,,,,,,IPA,IPA,Inferred
NIPAL4,,,,Monarch,,,Monarch,Inferred
NLGN2,,,,,,IPA,IPA,Inferred
NLRC4,,,,,,IPA,IPA,Inferred
NLRP3,,CTD,,,Sepon,IPA,"CTD,,,Sepon,IPA",gold
NLRX1,,,,,,IPA,IPA,Inferred
NMI,,,,,,IPA,IPA,Inferred
NMT2,,,,,,IPA,IPA,Inferred
NOD2,,,,,,IPA,IPA,Inferred
NORAD,,,,,Sepon,,Sepon,Inferred
NPPA,,,,,Sepon,,Sepon,Inferred
NPPB,,,,,Sepon,,Sepon,Inferred
NR3C1,,,OpenTarget,,,IPA,"OpenTarget,,,IPA",Inferred
NR3C2,,,,,,IPA,IPA,Inferred
NRIP3,,,,,Sepon,,Sepon,Inferred
NRTN,,,,Monarch,,,Monarch,Inferred
NSMAF,,,,,,IPA,IPA,Inferred
NUP210,,,,,,IPA,IPA,Inferred
NUSAP1,,,,,,IPA,IPA,Inferred
OAS2,,,,,,IPA,IPA,Inferred
OFD1,,,,,,IPA,IPA,Inferred
OLFM4,,,,,,IPA,IPA,Inferred
OPRM1,,,,,,IPA,IPA,Inferred
OPTN,,,,,Sepon,,Sepon,Inferred
ORM1,,,,,Sepon,IPA,"Sepon,IPA",Inferred
OSCAR,,,,,,IPA,IPA,Inferred
OTC,,CTD,,,,,CTD,gold
P2RY10,,,,,,IPA,IPA,Inferred
PABPC1,,,,,,IPA,IPA,Inferred
PALLD,,,,,Sepon,,Sepon,Inferred
PANK2,,,,,,IPA,IPA,Inferred
PARG,,,,,,IPA,IPA,Inferred
PARP1,,,,,,IPA,IPA,Inferred
PCOLCE2,,,,,,IPA,IPA,Inferred
PCSK9,,,OpenTarget,,,,OpenTarget,Inferred
PDCD1,,,OpenTarget,,,,OpenTarget,Inferred
PDE10A,,,OpenTarget,,,,OpenTarget,Inferred
PDE1A,,,OpenTarget,,,,OpenTarget,Inferred
PDE1B,,,OpenTarget,,,,OpenTarget,Inferred
PDE1C,,,OpenTarget,,,,OpenTarget,Inferred
PDE2A,,,OpenTarget,,,,OpenTarget,Inferred
PDE3A,,,OpenTarget,,,,OpenTarget,Inferred
PDE3B,,,OpenTarget,,,IPA,"OpenTarget,,,IPA",Inferred
PDE4A,,,OpenTarget,,,,OpenTarget,Inferred
PDE4B,,,OpenTarget,,,IPA,"OpenTarget,,,IPA",Inferred
PDE4C,,,OpenTarget,,,IPA,"OpenTarget,,,IPA",Inferred
PDE4D,,,OpenTarget,,,IPA,"OpenTarget,,,IPA",Inferred
PDE5A,,,OpenTarget,,,IPA,"OpenTarget,,,IPA",Inferred
PDE6A,,,OpenTarget,,,,OpenTarget,Inferred
PDE6B,,,OpenTarget,,,,OpenTarget,Inferred
PDE6C,,,OpenTarget,,,,OpenTarget,Inferred
PDE6D,,,OpenTarget,,,,OpenTarget,Inferred
PDE6G,,,OpenTarget,,,,OpenTarget,Inferred
PDE6H,,,OpenTarget,,,,OpenTarget,Inferred
PDE7A,,,OpenTarget,,,IPA,"OpenTarget,,,IPA",Inferred
PDE7B,,,OpenTarget,,,IPA,"OpenTarget,,,IPA",Inferred
PDE8A,,,OpenTarget,,,IPA,"OpenTarget,,,IPA",Inferred
PDE8B,,,OpenTarget,,,,OpenTarget,Inferred
PDE9A,,,OpenTarget,,,,OpenTarget,Inferred
PDIA6,,,,,,IPA,IPA,Inferred
PEBP1,,,,,,IPA,IPA,Inferred
PEX19,,,,Monarch,,,Monarch,Inferred
PFKFB2,,,,,,IPA,IPA,Inferred
PFKFB3,,,,,,IPA,IPA,Inferred
PGF,,,,,Sepon,,Sepon,Inferred
PGLYRP1,,,,,,IPA,IPA,Inferred
PGM2,,,,,,IPA,IPA,Inferred
PGM3,,,,Monarch,,,Monarch,Inferred
PID1,,,,,Sepon,,Sepon,Inferred
PIK3CB,,,,,,IPA,IPA,Inferred
PIK3R1,,,,Monarch,,,Monarch,Inferred
PKP1,,,,Monarch,,,Monarch,Inferred
PLA2G2A,,,,,Sepon,,Sepon,Inferred
PLAT,,CTD,,,,,CTD,gold
PLAUR,,,,,Sepon,,Sepon,Inferred
PLD4,,,,,Sepon,,Sepon,Inferred
PLEK,,,,,,IPA,IPA,Inferred
PLG,,,OpenTarget,,,,OpenTarget,Inferred
POMP,,,,,,IPA,IPA,Inferred
PON1,,,,,Sepon,,Sepon,Inferred
PPARG,,,,,,IPA,IPA,Inferred
PPP1R12A,,,,,,IPA,IPA,Inferred
PRDX4,,,,,Sepon,,Sepon,Inferred
PRF1,,,,,,IPA,IPA,Inferred
PRKCH,,,,,,IPA,IPA,Inferred
PRKCQ,,,,,,IPA,IPA,Inferred
PROS1,,,,,Sepon,IPA,"Sepon,IPA",Inferred
PRR5,,,,,,IPA,IPA,Inferred
PSEN1,,,,,,IPA,IPA,Inferred
PSMA1,,,,,,IPA,IPA,Inferred
PSMA4,,,,,,IPA,IPA,Inferred
PTEN,,,,,,IPA,IPA,Inferred
PTGDR,,,,,,IPA,IPA,Inferred
PTGS1,,,OpenTarget,,,IPA,"OpenTarget,,,IPA",Inferred
PTGS2,,,OpenTarget,,,IPA,"OpenTarget,,,IPA",Inferred
PTPN1,,,,,,IPA,IPA,Inferred
PTPRE,,,,,,IPA,IPA,Inferred
PTTG1,,,,,,IPA,IPA,Inferred
PTX3,,,,,Sepon,,Sepon,Inferred
PVT1,,,,,Sepon,,Sepon,Inferred
PYGL,,,,,,IPA,IPA,Inferred
QPCT,,,,,,IPA,IPA,Inferred
RAB11A,,,,,,IPA,IPA,Inferred
RAB27A,,,,,,IPA,IPA,Inferred
RAB2A,,,,,,IPA,IPA,Inferred
RAB32,,,,,,IPA,IPA,Inferred
RAC2,,,,Monarch,,,Monarch,Inferred
RAG1,,,,Monarch,,,Monarch,Inferred
RAG2,,,,Monarch,,,Monarch,Inferred
RALB,,,,,,IPA,IPA,Inferred
RAP1B,,,,,,IPA,IPA,Inferred
RASGRP1,,,,,,IPA,IPA,Inferred
RBX1,,,,,,IPA,IPA,Inferred
REG1A,,,,,Sepon,,Sepon,Inferred
REG3A,,,,,Sepon,,Sepon,Inferred
RET,,,,Monarch,,,Monarch,Inferred
RETN,,,,,Sepon,IPA,"Sepon,IPA",Inferred
RFTN1,,,,,Sepon,,Sepon,Inferred
RFX5,,,,Monarch,,,Monarch,Inferred
RFXANK,,,,Monarch,,,Monarch,Inferred
RFXAP,,,,,Sepon,,Sepon,Inferred
RGL4,,,,,Sepon,,Sepon,Inferred
RHOA,,,,,,IPA,IPA,Inferred
RIPK2,,,,,,IPA,IPA,Inferred
RMRP,,,,Monarch,,,Monarch,Inferred
RNASE2,,,,,,IPA,IPA,Inferred
RNASE3,,,,,,IPA,IPA,Inferred
RNASEL,,,,,,IPA,IPA,Inferred
RNF13,,,,Monarch,,,Monarch,Inferred
RNF41,,,,,,IPA,IPA,Inferred
RPS6KA4,,,,,,IPA,IPA,Inferred
RPS6KA5,,,,,,IPA,IPA,Inferred
RRM2,,,,,,IPA,IPA,Inferred
RTN4,,,,,,IPA,IPA,Inferred
RUNX3,,,,,,IPA,IPA,Inferred
S100A12,,,,,Sepon,IPA,"Sepon,IPA",Inferred
S100A3,,,,,Sepon,,Sepon,Inferred
S100A8,,,,,Sepon,,Sepon,Inferred
S100A9,,,,,Sepon,IPA,"Sepon,IPA",Inferred
SAMD9,,,,Monarch,,,Monarch,Inferred
SASH3,,,,Monarch,,,Monarch,Inferred
SAT1,,,,,,IPA,IPA,Inferred
SBDS,,,,Monarch,,,Monarch,Inferred
SCN9A,,,,,,IPA,IPA,Inferred
SCUBE1,,,,,Sepon,,Sepon,Inferred
SDC1,,,,,Sepon,,Sepon,Inferred
SDCBP,,,,,,IPA,IPA,Inferred
SDR9C7,,,,Monarch,,,Monarch,Inferred
SEC23A,,,,,,IPA,IPA,Inferred
SEC24A,,,,,,IPA,IPA,Inferred
SEC24D,,,,,,IPA,IPA,Inferred
SEC61A1,,,,Monarch,,,Monarch,Inferred
SELE,,,,,Sepon,,Sepon,Inferred
SELENOP,,,,,Sepon,,Sepon,Inferred
SEMA3C,,,,Monarch,,,Monarch,Inferred
SEMA3D,,,,Monarch,,,Monarch,Inferred
SERAC1,,,,Monarch,,,Monarch,Inferred
SERPINA1,,,,,Sepon,,Sepon,Inferred
SERPINB1,,,,,,IPA,IPA,Inferred
SERPINB2,,,,,,IPA,IPA,Inferred
SERPINC1,,,OpenTarget,,Sepon,,"OpenTarget,,Sepon",Inferred
SERPINE1,,,,,Sepon,,Sepon,Inferred
SERPINI2,,,,,Sepon,,Sepon,Inferred
SFTPB,,,,Monarch,,,Monarch,Inferred
SFTPC,,,,Monarch,,,Monarch,Inferred
SH2D1B,,,,,,IPA,IPA,Inferred
SIGLEC10,,,,,Sepon,,Sepon,Inferred
SIRT1,,,OpenTarget,,,,OpenTarget,Inferred
SIRT2,,,,,Sepon,,Sepon,Inferred
SIRT3,,,,,Sepon,,Sepon,Inferred
SLAMF6,,,,,,IPA,IPA,Inferred
SLC24A4,,,,,,IPA,IPA,Inferred
SLC2A3,,,,,,IPA,IPA,Inferred
SLC39A7,,,,Monarch,,,Monarch,Inferred
SLPI,,,,,,IPA,IPA,Inferred
SMARCD2,,,,Monarch,,,Monarch,Inferred
SMARCD3,,,,,,IPA,IPA,Inferred
SMO,,,,Monarch,,,Monarch,Inferred
SMPD3,,,,,Sepon,,Sepon,Inferred
SNHG7,,,,,Sepon,,Sepon,Inferred
SNX6,,,,,,IPA,IPA,Inferred
SOCS1,,,,,,IPA,IPA,Inferred
SOCS3,,,,,,IPA,IPA,Inferred
SOD2,,CTD,,,,IPA,"CTD,,,,IPA",gold
SOX21,,,,,Sepon,,Sepon,Inferred
SPHK1,,,,,,IPA,IPA,Inferred
SPI1,,,,Monarch,,,Monarch,Inferred
SPINK5,,,,Monarch,,,Monarch,Inferred
SPP1,,,,,Sepon,,Sepon,Inferred
SREBF1,,,,Monarch,,,Monarch,Inferred
SRPK1,,,,,,IPA,IPA,Inferred
STAM2,,,,,,IPA,IPA,Inferred
STAT1,,,,,,IPA,IPA,Inferred
STAT3,,,,,,IPA,IPA,Inferred
STAT4,,,,,,IPA,IPA,Inferred
STIM1,,,,Monarch,,,Monarch,Inferred
STK4,,,,Monarch,,,Monarch,Inferred
STOM,,,,,,IPA,IPA,Inferred
STRN3,,,,,,IPA,IPA,Inferred
SULT2B1,,,,Monarch,,,Monarch,Inferred
SYNC,,,,,Sepon,,Sepon,Inferred
TAGAP,,,,,,IPA,IPA,Inferred
TARP,,,,,,IPA,IPA,Inferred
TBK1,,,,,,IPA,IPA,Inferred
TCF3,,,,Monarch,,,Monarch,Inferred
TCF7,,,,,,IPA,IPA,Inferred
TCN1,,,,,,IPA,IPA,Inferred
TDRD9,,,,,,IPA,IPA,Inferred
TERF2IP,,,,,,IPA,IPA,Inferred
TFF1,,,,,Sepon,,Sepon,Inferred
TFRC,,,,Monarch,,,Monarch,Inferred
TGFBR3,,,,,,IPA,IPA,Inferred
TGM1,,,,Monarch,,,Monarch,Inferred
TGM2,,,,,,IPA,IPA,Inferred
THBD,,,,,Sepon,,Sepon,Inferred
THBS1,,,,,Sepon,IPA,"Sepon,IPA",Inferred
TIAM1,,,,,,IPA,IPA,Inferred
TICAM1,,,,,,IPA,IPA,Inferred
TIMP1,,,,,Sepon,IPA,"Sepon,IPA",Inferred
TIRAP,,CTD,,,,,CTD,gold
TJP1,,,,,Sepon,,Sepon,Inferred
TLE3,,,,,,IPA,IPA,Inferred
TLR1,,,,,,IPA,IPA,Inferred
TLR2,,,,,,IPA,IPA,Inferred
TLR8,,,,,,IPA,IPA,Inferred
TLR9,,,OpenTarget,,,,OpenTarget,Inferred
TMBIM4,,,,,,IPA,IPA,Inferred
TMCO1,,,,,,IPA,IPA,Inferred
TMED2,,,,,,IPA,IPA,Inferred
TNFAIP3,,,,,,IPA,IPA,Inferred
TNFAIP6,,,,,,IPA,IPA,Inferred
TNFRSF1A,,,,,,IPA,IPA,Inferred
TNFRSF1B,,,,,,IPA,IPA,Inferred
TNFSF10,,,,,,IPA,IPA,Inferred
TNFSF12,,,,,Sepon,,Sepon,Inferred
TNFSF14,,,,,Sepon,,Sepon,Inferred
TNNI3,,,,,Sepon,,Sepon,Inferred
TOR1A,,,,,,IPA,IPA,Inferred
TPM3,,,,,,IPA,IPA,Inferred
TRAFD1,,,,,,IPA,IPA,Inferred
TRAM2,,,,,,IPA,IPA,Inferred
TRAT1,,,,,,IPA,IPA,Inferred
TREX1,,,,Monarch,,,Monarch,Inferred
TRIO,,,,,,IPA,IPA,Inferred
TRPV1,,,OpenTarget,,,,OpenTarget,Inferred
TSLP,,,,,Sepon,,Sepon,Inferred
TSNAX,,,,,,IPA,IPA,Inferred
TSPO,,,,,,IPA,IPA,Inferred
TXK,,,,,,IPA,IPA,Inferred
TXN,,,,,,IPA,IPA,Inferred
UBE2E1,,,,,,IPA,IPA,Inferred
UBE2F,,,,,,IPA,IPA,Inferred
UBE2L3,,,,,,IPA,IPA,Inferred
UGCG,,,,,,IPA,IPA,Inferred
USP37,,,,,,IPA,IPA,Inferred
VAPA,,,,,,IPA,IPA,Inferred
VASP,,,,,,IPA,IPA,Inferred
VDR,,,OpenTarget,,Sepon,IPA,"OpenTarget,,Sepon,IPA",Inferred
VNN1,,,,,,IPA,IPA,Inferred
VPS33A,,,,Monarch,,,Monarch,Inferred
VSTM1,,,,,Sepon,,Sepon,Inferred
WAS,,,,Monarch,,,Monarch,Inferred
WFDC2,,,,,Sepon,,Sepon,Inferred
WIPF1,,,,Monarch,,,Monarch,Inferred
WSB1,,,,,,IPA,IPA,Inferred
XAF1,,,,,,IPA,IPA,Inferred
XDH,,,,,Sepon,,Sepon,Inferred
XIST,,,,,,IPA,IPA,Inferred
YARS1,,,,Monarch,,,Monarch,Inferred
YBX1,,,,,,IPA,IPA,Inferred
YWHAG,,,,,,IPA,IPA,Inferred
YWHAZ,,,,,,IPA,IPA,Inferred
ZAP70,,,,,,IPA,IPA,Inferred
ZBTB20,,,,,,IPA,IPA,Inferred
ZFAS1,,,,,Sepon,,Sepon,Inferred
ZNF230,,,,,,IPA,IPA,Inferred
ZNF281,,,,,,IPA,IPA,Inferred
